orcid,pmid,doi,qID
0000-0003-4898-3942,nan,10.1016/S0924-9338(13)76565-9,Q59191608
0000-0003-4898-3942,nan,10.1016/S0924-9338(13)76302-8,Q59191594
0000-0001-6695-2942,nan,10.2340/00015555-1482,Q48342626
0000-0001-6695-2942,nan,10.5604/17322693.1038785,Q42265297
0000-0001-6695-2942,nan,10.7448/IAS.20.1.21847,Q38675771
0000-0001-6695-2942,nan,10.5604/17322693.1186343,Q26775680
0000-0001-5187-3942,nan,10.1523/ENEURO.0034-17.2017,Q30357412
0000-0001-5187-3942,nan,10.14670/HH-11-894,Q47757989
0000-0001-8724-3942,22380681,10.1186/1741-7007-10-16,Q34180434
0000-0001-8724-3942,15866923,10.1128/JB.187.10.3384-3390.2005,Q30988742
0000-0001-8724-3942,24237754,10.1111/1567-1364.12125,Q44394752
0000-0001-8724-3942,24164772,10.1111/1567-1364.12112,Q38155948
0000-0001-8724-3942,20530968,10.1159/000315458,Q33597585
0000-0001-8724-3942,19258708,10.1159/000206635,Q43481032
0000-0001-8724-3942,23435897,10.1128/AEM.03207-12,Q39761768
0000-0001-8724-3942,16415592,10.1159/000089647,Q36369661
0000-0001-8724-3942,24382301,10.1111/1567-1364.12130,Q61783414
0000-0001-8724-3942,24973076,10.1128/AEM.00712-14,Q42798241
0000-0001-8724-3942,17824842,10.1042/BA20070132,Q50917177
0000-0001-8724-3942,11879732,10.1016/S0300-9084(01)01346-3,Q61783420
0000-0001-8724-3942,15741737,10.1159/000082077,Q45292484
0000-0003-2724-2942,nan,10.1039/C7SC01599B,Q47325287
0000-0003-2232-9942,nan,10.1088/1742-6596/17/1/022,Q57860832
0000-0003-2232-9942,nan,10.1130/G37856.1,Q58041224
0000-0003-2232-9942,nan,10.1080/08927020500501599,Q57619025
0000-0003-2232-9942,nan,10.1134/S0869591107050013,Q57618997
0000-0003-2232-9942,nan,10.1038/26718,Q59087563
0000-0003-2232-9942,nan,10.1016/S0304-3991(03)00118-9,Q73691502
0000-0003-2232-9942,nan,10.1016/0925-9635(94)90117-1,Q60513262
0000-0003-2232-9942,nan,10.1130/G33339.1,Q58083116
0000-0003-2232-9942,nan,10.1180/0026461036760158,Q57869540
0000-0003-2232-9942,nan,10.1180/0026461046810174,Q57619069
0000-0003-2232-9942,nan,10.1127/0935-1221/2013/0025-2261,Q56332640
0000-0003-2232-9942,nan,10.1130/G45632.1,Q60920622
0000-0003-2232-9942,nan,10.1007/BF00372282,Q56453814
0000-0001-6574-9942,24670004,10.1186/1472-6831-14-26,Q35131794
0000-0001-6574-9942,nan,10.1155/2013/249591,Q36723052
0000-0001-6574-9942,23046660,10.1186/1471-2458-12-855,Q34436857
0000-0001-6574-9942,25415367,10.3109/00016357.2014.976261,Q50610683
0000-0001-6574-9942,18408391,10.1159/000117796,Q48349195
0000-0001-6574-9942,20639664,10.1159/000316379,Q39855717
0000-0001-6574-9942,25012119,10.1186/1472-6831-14-86,Q33939735
0000-0001-5473-2942,nan,10.1007/BF00328429,Q38922748
0000-0001-5473-2942,nan,10.1590/S0044-59672011000400002,Q55763106
0000-0001-5473-2942,nan,10.3159/TORREY-D-12-00035.1,Q93531953
0000-0001-5473-2942,nan,10.1590/0001-3765201820180460,Q67231660
0000-0001-5473-2942,nan,10.1590/2175-7860201869402,Q92428233
0000-0001-5929-3942,nan,10.1007/978-3-319-59129-2_18,Q59427913
0000-0001-5929-3942,nan,10.1109/TGRS.2017.2767205,Q59427890
0000-0002-7941-2942,nan,10.1177/0002764207307742,Q59700188
0000-0002-7941-2942,nan,10.1177/1538192714540530,Q59700200
0000-0002-7941-2942,nan,10.1080/09518398.2016.1214296,Q59700192
0000-0002-9497-0942,nan,10.1037/0012-1649.41.4.661,Q50960627
0000-0002-9497-0942,nan,10.3758/LB.38.2.126,Q39881929
0000-0002-9497-0942,nan,10.1037/0096-3445.132.1.23,Q73171406
0000-0002-9497-0942,nan,10.1080/138255890969375,Q58257716
0000-0002-9497-0942,nan,10.3758/BRM.41.3.675,Q33479882
0000-0002-9497-0942,nan,10.1348/000712608X366867,Q33386380
0000-0002-9497-0942,nan,10.1177/0956797610396225,Q33870178
0000-0002-9497-0942,nan,10.3758/BRM.40.4.1170,Q82567244
0000-0002-7049-3942,nan,10.1177/0306312715599850,Q38383851
0000-0002-7049-3942,nan,10.1177/0963662514558167,Q51771498
0000-0002-7049-3942,nan,10.1111/1467-9566.12542,Q40319234
0000-0002-7049-3942,nan,10.1111/1467-9566.12866,Q91174053
0000-0003-3477-6942,nan,10.1128/JB.187.20.7018-7026.2005,Q42082540
0000-0003-3477-6942,nan,10.1128/AEM.02820-16,Q36243506
0000-0002-6743-8942,nan,10.23736/S0392-9590.17.03761-0,Q47449236
0000-0003-2058-5942,nan,10.1007/978-1-4939-1743-3_11,Q35306545
0000-0003-2058-5942,nan,10.1097/MIB.0000000000000017,Q54217018
0000-0003-2058-5942,nan,10.1107/S1744309107006069,Q42001382
0000-0003-2058-5942,nan,10.1107/S0907444912034464,Q27682350
0000-0003-2058-5942,nan,10.1107/S1744309105007815,Q42001883
0000-0003-2058-5942,nan,10.1007/5584_2016_25,Q39678067
0000-0003-2058-5942,nan,10.1128/IAI.01759-14,Q39550426
0000-0003-2058-5942,nan,10.1097/TP.0000000000000166,Q42201561
0000-0003-2058-5942,nan,10.1107/S1744309110028721,Q42000477
0000-0003-2058-5942,nan,10.1186/1471-2164-15-699,Q34157198
0000-0003-2058-5942,nan,10.1128/AAC.02091-17,Q50134098
0000-0003-2058-5942,nan,10.1128/JVI.02619-09,Q33826682
0000-0003-2058-5942,nan,10.1107/S1744309106016861,Q41821641
0000-0003-2058-5942,nan,10.1128/JVI.00432-17,Q38707906
0000-0003-2058-5942,nan,10.1097/SHK.0000000000001098,Q48553068
0000-0003-2058-5942,nan,10.1107/S2053230X15005890,Q40854363
0000-0003-2058-5942,nan,10.1186/1757-4749-5-1,Q36616677
0000-0003-2058-5942,nan,10.1107/S0907444909017314,Q27656618
0000-0003-2058-5942,nan,10.1128/IAI.00683-18,Q57462996
0000-0003-2058-5942,nan,10.2147/BTT.S50870,Q30355629
0000-0003-2058-5942,nan,10.1042/BJ20102063,Q27931106
0000-0003-2058-5942,nan,10.1007/5584_2016_42,Q40616341
0000-0003-2058-5942,nan,10.1107/S1744309105007761,Q41910004
0000-0003-0256-3942,nan,10.1177/1403494819850429,Q92496466
0000-0001-8496-6942,nan,10.1016/S0045-7949(98)00271-5,Q59312532
0000-0001-8496-6942,nan,10.1016/S0020-7683(02)00615-7,Q59312530
0000-0001-8496-6942,nan,10.1016/S0168-874X(02)00159-2,Q59312529
0000-0002-4323-3942,nan,10.1109/TMAG.2005.855340,Q57762369
0000-0002-4323-3942,nan,10.1063/1.1984090,Q57762395
0000-0002-4323-3942,nan,10.1063/1.1759380,Q61802842
0000-0002-4323-3942,nan,10.1063/1.1759380,Q61802842
0000-0002-4323-3942,nan,10.1109/INTMAG.2006.375831,Q62022040
0000-0002-4323-3942,nan,10.1109/NSSMIC.2012.6551631,Q62807982
0000-0002-4323-3942,nan,10.1063/1.1984090,Q57762395
0000-0002-4323-3942,nan,10.1016/S0956-5663(02)00205-1,Q44327038
0000-0002-4323-3942,nan,10.1109/TMAG.2005.855340,Q57762369
0000-0002-4323-3942,nan,10.1016/S0956-5663(02)00205-1,Q44327038
0000-0002-4323-3942,nan,10.1063/1.2162342,Q58646586
0000-0002-4323-3942,nan,10.1109/NSSMIC.2012.6551631,Q62807982
0000-0002-4323-3942,nan,10.1063/1.2165148,Q62022031
0000-0002-4323-3942,nan,10.1007/0-387-23316-4_14,Q58646603
0000-0002-4323-3942,nan,10.1109/INTMAG.2006.375831,Q62022040
0000-0002-4323-3942,nan,10.1007/0-387-23316-4_14,Q58646603
0000-0002-4323-3942,nan,10.1063/1.2162342,Q58646586
0000-0002-4323-3942,12604266,10.1016/S0956-5663(02)00205-1,Q44327038
0000-0002-4323-3942,nan,10.1063/1.2165148,Q62022031
0000-0003-3931-5942,22958331,10.1186/1471-2164-13-464,Q21266708
0000-0003-3917-1942,nan,10.1016/0743-1066(95)00147-6,Q57840361
0000-0003-1714-0942,nan,10.1088/0953-8984/27/11/115503,Q86865375
0000-0001-8687-3942,nan,10.1109/TIE.2017.2750612,Q58961600
0000-0001-8687-3942,nan,10.1109/TIE.2017.2750630,Q58961617
0000-0001-8687-3942,nan,10.1109/TII.2017.2768585,Q59308625
0000-0001-8687-3942,nan,10.1109/TIE.2017.2750630,Q58961617
0000-0001-8687-3942,nan,10.1109/TIE.2017.2750630,Q58961617
0000-0002-5363-4942,nan,10.1088/0953-8984/29/3/035501,Q36192544
0000-0002-3765-0942,nan,10.1039/C7SM01560G,Q48089648
0000-0002-3765-0942,nan,10.1063/1.4869695,Q44322560
0000-0002-3765-0942,nan,10.1063/1.4920973,Q50976660
0000-0002-3765-0942,nan,10.1063/1.4916309,Q50930974
0000-0003-2591-7942,nan,10.4103/0971-6203.51937,Q33588344
0000-0002-7432-0942,nan,10.1080/13668803.2016.1262328,Q58328079
0000-0002-7432-0942,nan,10.3233/WOR-152176,Q38620858
0000-0002-7432-0942,28449605,10.1177/0020731417707491,Q38816439
0000-0002-7432-0942,nan,10.1177/0020731416676233,Q47896246
0000-0002-7432-0942,nan,10.1177/0020731416677478,Q50126379
0000-0002-7432-0942,nan,10.1080/13668803.2016.1262328,Q58328079
0000-0001-6268-7942,28817968,10.1080/14786419.2017.1366478,Q46726605
0000-0001-6268-7942,27388576,10.1080/08977194.2016.1200571,Q46617197
0000-0001-6268-7942,30526087,10.1080/14786419.2018.1509326,Q90334126
0000-0001-6268-7942,28747084,10.1080/08977194.2017.1354859,Q53141065
0000-0001-6268-7942,28683581,10.1080/08977194.2017.1345900,Q50904609
0000-0003-1441-7942,nan,10.1186/1472-6750-14-29,Q35155722
0000-0001-7226-0942,nan,10.1080/0950069032000052207,Q56674675
0000-0001-7226-0942,nan,10.1016/S0006-8993(97)00962-1,Q48557587
0000-0001-6079-6942,nan,10.1016/S0928-4257(02)00021-9,Q48440535
0000-0001-6079-6942,nan,10.3109/13550284.2010.504764,Q50302826
0000-0002-4753-3942,19304722,10.2214/AJR.08.1405,Q50781160
0000-0002-4753-3942,18094290,10.2214/AJR.07.2716,Q61877501
0000-0002-4753-3942,16423952,10.2214/AJR.04.1723,Q61877514
0000-0002-4753-3942,19774167,10.4103/0971-3026.41837,Q37354719
0000-0002-4753-3942,18430835,10.2214/AJR.07.3312,Q61877500
0000-0002-4753-3942,18562729,10.2214/AJR.07.3313,Q61877498
0000-0002-7071-7942,nan,10.1364/OL.44.003110,Q92747893
0000-0002-6804-3942,nan,10.2147/AMEP.S146175,Q42373144
0000-0002-6804-3942,nan,10.1177/096120339600500215,Q41066161
0000-0002-6804-3942,nan,10.1177/096120339600500212,Q33496506
0000-0002-6804-3942,nan,10.1177/0961203310388448,Q53080331
0000-0002-6804-3942,nan,10.1177/096120339400300401,Q40558449
0000-0002-6804-3942,nan,10.1177/0961203311425530,Q61649674
0000-0002-6804-3942,nan,10.1177/096120339600500211,Q41066141
0000-0002-6804-3942,nan,10.1007/BF00561378,Q69844310
0000-0002-6804-3942,nan,10.1191/096120398678920253,Q47719688
0000-0002-1921-7942,nan,10.5435/JAAOS-22-06-381,Q38214586
0000-0002-1921-7942,nan,10.2106/JBJS.N.00203,Q86574262
0000-0002-1921-7942,nan,10.2106/JBJS.L.01405,Q87240581
0000-0002-1921-7942,nan,10.1097/BPO.0000000000000426,Q86852393
0000-0002-1921-7942,nan,10.2106/JBJS.15.01116,Q47886758
0000-0002-1921-7942,nan,10.2106/JBJS.L.00764,Q38127381
0000-0002-1921-7942,nan,10.1177/0363546516654479,Q88007189
0000-0002-2504-3942,22873691,10.1080/02640414.2012.710757,Q34371148
0000-0002-2504-3942,nan,10.1080/09638288.2017.1395083,Q48049946
0000-0002-8680-7942,nan,10.1643/0045-8511(2006)6[198:TGHSTW]2.0.CO;2,Q56083827
0000-0002-4977-4942,nan,10.1080/09273948.2019.1588334,Q93149835
0000-0002-4977-4942,nan,10.1080/15569527.2018.1482494,Q88981546
0000-0002-4977-4942,nan,10.1080/02713683.2019.1639769,Q91682636
0000-0002-4977-4942,nan,10.1080/02713683.2019.1594925,Q92349862
0000-0002-4977-4942,30726405,10.5935/0004-2749.20190021,Q91378165
0000-0002-4977-4942,30542050,10.12659/MSM.910923,Q60957105
0000-0002-4977-4942,26491248,10.2147/OPTH.S91943,Q41066143
0000-0002-4977-4942,27082732,10.3109/08820538.2015.1115084,Q42491913
0000-0002-4977-4942,29969298,10.1080/15569527.2018.1495224,Q89403257
0000-0002-4977-4942,29865906,10.1080/15569527.2018.1482494,Q88981546
0000-0002-4977-4942,nan,10.1080/15569527.2018.1442842,Q49889039
0000-0002-4977-4942,nan,10.1080/15569527.2018.1495224,Q89403257
0000-0002-4977-4942,31280609,10.1080/02713683.2019.1639769,Q91682636
0000-0002-4977-4942,nan,10.1080/15569527.2018.1530258,Q57045479
0000-0002-4977-4942,30994377,10.1080/09273948.2019.1588334,Q93149835
0000-0002-4977-4942,nan,10.1080/15569527.2018.1539010,Q58605603
0000-0002-4977-4942,25834384,10.2147/OPTH.S74249,Q35209759
0000-0002-4977-4942,30362367,10.1080/15569527.2018.1539010,Q58605603
0000-0002-4977-4942,30868923,10.1080/02713683.2019.1594925,Q92349862
0000-0002-4977-4942,29455557,10.1080/15569527.2018.1442842,Q49889039
0000-0002-4977-4942,nan,10.2147/OPTH.S74249,Q35209759
0000-0002-4977-4942,nan,10.3109/08820538.2015.1115084,Q42491913
0000-0002-4977-4942,30277087,10.1080/15569527.2018.1530258,Q57045479
0000-0002-4977-4942,nan,10.12659/MSM.910923,Q60957105
0000-0002-4977-4942,nan,10.5935/0004-2749.20190021,Q91378165
0000-0002-8565-2942,nan,10.1016/B978-0-12-374420-3.00070-X,Q58887317
0000-0002-8565-2942,nan,10.1080/02652030600889608,Q58887329
0000-0002-8565-2942,nan,10.1016/S0021-9673(02)01154-8,Q44236512
0000-0002-8565-2942,nan,10.1080/19440049.2010.542551,Q52606959
0000-0002-8565-2942,nan,10.1080/02652030600970374,Q52677886
0000-0002-8565-2942,nan,10.1016/S0021-9673(00)00447-7,Q74195509
0000-0002-8565-2942,nan,10.1016/S0031-9422(96)00413-X,Q59306849
0000-0002-8565-2942,nan,10.1016/S0308-8146(98)00062-4,Q59385706
0000-0002-8565-2942,nan,10.1081/JLC-100103429,Q58854855
0000-0001-7881-4942,nan,10.1017/S0007114514003808,Q41513453
0000-0001-7881-4942,nan,10.1177/0733464816630636,Q48626877
0000-0001-7881-4942,nan,10.1016/B978-0-12-396961-3.00045-7,Q57929395
0000-0001-7881-4942,nan,10.1109/TITB.2004.834393,Q34358842
0000-0002-4395-4942,nan,10.1016/S0016-7061(00)00048-3,Q57774747
0000-0002-4395-4942,nan,10.1016/S0016-7061(03)00219-2,Q57774698
0000-0002-4395-4942,nan,10.1071/SR99114,Q57774737
0000-0002-4395-4942,nan,10.1109/ATSIP.2014.6834648,Q57774563
0000-0002-4395-4942,nan,10.1016/S1251-8050(00)00122-1,Q57774748
0000-0002-4395-4942,nan,10.1071/SR13305,Q57774548
0000-0002-4395-4942,nan,10.1097/00010694-200306000-00006,Q57774718
0000-0002-4395-4942,nan,10.1016/S0016-7061(00)00048-3,Q57774747
0000-0002-4395-4942,nan,10.1079/SUM2002190,Q57774725
0000-0002-4395-4942,nan,10.1079/SUM2002190,Q57774725
0000-0002-4395-4942,nan,10.1007/978-1-4020-8592-5_23,Q57774634
0000-0002-4395-4942,nan,10.1016/S0166-2481(06)31022-7,Q57774669
0000-0002-4395-4942,nan,10.1364/BOE.4.002463,Q30446421
0000-0002-4395-4942,nan,10.1016/S1251-8050(00)00181-6,Q57774750
0000-0002-4395-4942,nan,10.1016/S1251-8050(00)00181-6,Q57774750
0000-0002-4395-4942,nan,10.1016/S0016-7061(00)00035-5,Q57774743
0000-0002-4395-4942,nan,10.1080/01431169608948773,Q57774770
0000-0002-4395-4942,nan,10.1016/S0166-2481(06)31038-0,Q57774672
0000-0002-4395-4942,nan,10.1155/2016/7302148,Q57774503
0000-0002-4395-4942,nan,10.1016/S1251-8050(00)80022-1,Q57774758
0000-0002-4395-4942,nan,10.1016/S0016-7061(00)00104-X,Q57774731
0000-0002-4395-4942,nan,10.1071/SR99114,Q57774737
0000-0002-4395-4942,nan,10.1097/00010694-200012000-00006,Q57774754
0000-0002-4395-4942,nan,10.1097/00010694-200306000-00006,Q57774718
0000-0002-4395-4942,nan,10.1016/S1251-8050(00)00122-1,Q57774748
0000-0002-4395-4942,nan,10.1016/S1251-8050(00)80022-1,Q57774758
0000-0002-4395-4942,nan,10.1023/A:1009775825427,Q57774766
0000-0002-4395-4942,nan,10.1007/978-1-4020-8592-5_23,Q57774634
0000-0002-4395-4942,nan,10.1016/S0016-7061(03)00219-2,Q57774698
0000-0002-4395-4942,nan,10.1016/S0016-7061(00)00035-5,Q57774743
0000-0002-4395-4942,nan,10.1016/S0016-7061(00)00104-X,Q57774731
0000-0002-4395-4942,nan,10.1007/978-1-4020-8592-5_30,Q57774642
0000-0002-4395-4942,nan,10.1097/00010694-200101000-00008,Q57774734
0000-0002-9675-7942,31106578,10.1080/13548506.2019.1619789,Q92150092
0000-0002-9675-7942,12411719,10.1159/000066219,Q78461686
0000-0002-9675-7942,nan,10.1159/000066219,Q78461686
0000-0002-9675-7942,nan,10.2147/COPD.S112837,Q37305998
0000-0002-9675-7942,27729781,10.2147/COPD.S112837,Q37305998
0000-0002-9675-7942,nan,10.1080/13548506.2019.1619789,Q92150092
0000-0002-9675-7942,nan,10.1007/5584_2015_196,Q40072069
0000-0002-9645-8942,nan,10.1007/S10456-018-9604-Y,Q49991844
0000-0002-9645-8942,nan,10.1038/SDATA.2017.111,Q38623872
0000-0002-9645-8942,nan,10.1038/S41598-017-07129-4,Q41423380
0000-0002-9645-8942,nan,10.1155/2017/1956104,Q43113335
0000-0002-9645-8942,nan,10.1371/JOURNAL.PONE.0106546,Q28542907
0000-0002-9645-8942,nan,10.1007/S10456-018-9594-9,Q48248176
0000-0002-9645-8942,29104724,10.1155/2017/1956104,Q43113335
0000-0002-9645-8942,nan,10.1038/SREP32137,Q30804219
0000-0002-9645-8942,nan,10.1038/SDATA.2016.103,Q38375654
0000-0002-4424-4942,nan,10.1155/2017/1320780,Q59142058
0000-0002-4424-4942,nan,10.1155/2016/2979081,Q30367497
0000-0002-4424-4942,nan,10.1155/2017/7571043,Q59142070
0000-0002-8869-3942,nan,10.1088/1367-2630/12/3/035018,Q57186808
0000-0002-8869-3942,nan,10.1088/0965-0393/15/1/S17,Q59366676
0000-0002-8869-3942,nan,10.1016/S0020-7683(03)00143-4,Q30051449
0000-0001-6860-8942,27966512,10.4103/0970-9290.195643,Q51080145
0000-0001-6860-8942,18182188,10.1016/S0022-3913(08)60011-6,Q47986035
0000-0001-6860-8942,18755057,10.1308/135576108784795374,Q47376937
0000-0001-6860-8942,26929538,10.4103/0972-4052.161570,Q36603621
0000-0001-6860-8942,27041917,10.4103/0976-237X.177090,Q30386979
0000-0001-6860-8942,28216842,10.4103/0972-4052.194945,Q47434539
0000-0001-6860-8942,26096105,10.4103/0970-9290.159138,Q85417593
0000-0003-3102-2942,nan,10.1002/1873-3468.12637,Q51075032
0000-0003-3102-2942,nan,10.1186/1471-2148-14-96,Q33612400
0000-0002-3150-7942,nan,10.1080/15424060903585768,Q58522828
0000-0002-3150-7942,27815394,10.1177/1524839916676263,Q38999157
0000-0002-1153-0942,nan,10.1088/2041-8205/748/1/L10,Q58263369
0000-0002-1153-0942,nan,10.1088/0004-637X/769/2/141,Q58302915
0000-0002-1153-0942,nan,10.1051/0004-6361/201015370,Q55888147
0000-0002-1153-0942,nan,10.1051/0004-6361/201015188,Q68998109
0000-0002-1153-0942,nan,10.1088/0004-637X/733/2/95,Q58328340
0000-0002-1153-0942,nan,10.1051/0004-6361/201116620,Q58328329
0000-0002-1153-0942,nan,10.1051/0004-6361/201117037,Q58302958
0000-0002-1153-0942,nan,10.1051/0004-6361/200913405,Q55889824
0000-0002-1153-0942,nan,10.1088/0004-637X/760/1/32,Q58263353
0000-0002-1153-0942,nan,10.1051/0004-6361/201424537,Q69067819
0000-0002-1153-0942,nan,10.1051/0004-6361/201321849,Q69054871
0000-0002-1153-0942,nan,10.1088/2041-8205/713/2/L169,Q56442264
0000-0002-1153-0942,nan,10.1088/0004-637X/763/1/49,Q59397218
0000-0002-1153-0942,nan,10.1051/0004-6361/201015801,Q68997054
0000-0002-1153-0942,nan,10.1088/0004-637X/749/2/152,Q58302952
0000-0003-3089-8942,nan,10.1366/10-06215,Q38463431
0000-0003-3089-8942,nan,10.1364/AO.49.000542,Q60134448
0000-0003-3089-8942,nan,10.1364/AO.50.001717,Q38464246
0000-0003-3089-8942,nan,10.1088/0957-0233/24/4/045003,Q60134377
0000-0003-3089-8942,nan,10.2514/1.A32752,Q60134347
0000-0003-3089-8942,nan,10.1109/I2MTC.2012.6229508,Q60134414
0000-0003-3089-8942,nan,10.1109/TIM.2013.2245185,Q60134394
0000-0003-3089-8942,nan,10.1115/1.4025367,Q60134354
0000-0003-3089-8942,nan,10.1080/00140139.2014.961969,Q39128897
0000-0003-3089-8942,nan,10.1080/00140139.2013.776704,Q45303909
0000-0003-3089-8942,nan,10.1117/12.2028644,Q60125819
0000-0003-3089-8942,nan,10.1109/I2MTC.2012.6229488,Q60134411
0000-0003-3089-8942,nan,10.1080/00140139.2014.945494,Q53478157
0000-0002-8886-1942,nan,10.1007/978-1-62703-383-1_17,Q34754984
0000-0002-8886-1942,nan,10.1186/1471-2229-7-54,Q33302566
0000-0002-8886-1942,nan,10.1515/HF.2005.XXX,Q61703004
0000-0002-8886-1942,nan,10.1023/A:1011241617946,Q56982269
0000-0002-8886-1942,nan,10.1007/BF02619480,Q60548722
0000-0002-8886-1942,nan,10.1007/BF01103468,Q33705555
0000-0002-8886-1942,nan,10.1007/978-1-62703-383-1_18,Q45006562
0000-0002-8886-1942,nan,10.1186/1472-6750-9-92,Q33514131
0000-0002-8886-1942,nan,10.1023/A:1022846304826,Q33187881
0000-0002-8886-1942,nan,10.1023/A:1024036803997,Q33187944
0000-0002-8886-1942,nan,10.1007/BF00258142,Q34352910
0000-0002-8886-1942,nan,10.1128/AEM.00977-07,Q33292108
0000-0002-0761-1942,nan,10.1080/11038128.2017.1367415,Q38613835
0000-0002-0761-1942,nan,10.1080/10400435.2017.1367737,Q47689740
0000-0002-0761-1942,nan,10.1080/11038120802409762,Q82096623
0000-0002-0761-1942,nan,10.1080/11038128.2016.1267259,Q39104675
0000-0002-0761-1942,nan,10.1080/11038120701858804,Q37196906
0000-0002-0761-1942,nan,10.3109/11038128.2015.1044907,Q50912394
0000-0001-6503-6942,nan,10.1042/0264-6021:3410089,Q56804224
0000-0001-6503-6942,11314743,10.1007/BF03343835,Q43583587
0000-0001-6503-6942,nan,10.1016/S1357-4310(99)01620-2,Q33818742
0000-0001-6503-6942,10377248,10.1042/0264-6021:3410089,Q56804224
0000-0001-6503-6942,2096158,10.1007/BF03349629,Q70293701
0000-0001-6503-6942,1560188,10.1007/BF03348650,Q48566532
0000-0001-6503-6942,10637573,10.1016/S1357-4310(99)01620-2,Q33818742
0000-0001-6503-6942,10403172,10.1016/S0300-9084(99)80092-3,Q33867754
0000-0001-6503-6942,nan,10.3275/8973,Q38108710
0000-0001-6503-6942,nan,10.1016/S0300-9084(99)80092-3,Q33867754
0000-0001-6503-6942,17318014,10.1007/BF03347387,Q79820174
0000-0001-6503-6942,8463555,10.1007/BF03347657,Q70636659
0000-0001-6503-6942,23698639,10.3275/8973,Q38108710
0000-0001-6503-6942,nan,10.1016/S0959-437X(99)80043-4,Q33665843
0000-0001-6503-6942,19542741,10.1007/BF03346459,Q84097434
0000-0001-6503-6942,10377281,10.1016/S0959-437X(99)80043-4,Q33665843
0000-0001-6503-6942,21060249,10.3275/7331,Q82366000
0000-0003-2466-6942,24592334,10.1155/2014/151572,Q35109981
0000-0003-4450-1942,nan,10.1080/00981389.2010.518885,Q30396786
0000-0003-4450-1942,nan,10.1080/17290376.2013.807052,Q30432526
0000-0003-4450-1942,nan,10.1177/0021909608101412,Q56832129
0000-0003-4450-1942,nan,10.1177/0272684X15592757,Q38921146
0000-0003-4450-1942,24156481,10.1186/2049-9957-2-25,Q30588322
0000-0001-6260-1942,nan,10.1097/MCD.0000000000000042,Q87631720
0000-0001-6260-1942,nan,10.1080/15513815.2017.1379039,Q47567589
0000-0001-6260-1942,nan,10.3109/13816810.2013.811269,Q41931822
0000-0001-6260-1942,nan,10.1097/MCD.0000000000000037,Q38199284
0000-0001-6260-1942,nan,10.1186/1750-1172-9-60,Q33615956
0000-0001-6260-1942,nan,10.1097/00019605-199810000-00012,Q77583586
0000-0001-6260-1942,nan,10.1177/0883073815627884,Q87156570
0000-0001-6260-1942,nan,10.1080/15513815.2019.1639089,Q91860158
0000-0001-6260-1942,nan,10.1002/(SICI)1096-8628(19990528)84:3<202::AID-AJMG6>3.0.CO;2-O,Q51984688
0000-0001-6260-1942,nan,10.1159/000334289,Q35888762
0000-0001-6260-1942,nan,10.1016/S0165-4608(99)00099-0,Q73314736
0000-0001-6260-1942,nan,10.1097/00019605-200204000-00010,Q34523049
0000-0001-6260-1942,nan,10.1172/JCI80102,Q36106023
0000-0001-6260-1942,nan,10.1177/0883073813484967,Q34340905
0000-0001-6260-1942,nan,10.1159/000106438,Q36954252
0000-0001-6260-1942,nan,10.1177/088307389901400305,Q77220082
0000-0001-6260-1942,nan,10.1023/A:1005444903597,Q33503830
0000-0001-9987-7942,nan,10.1186/1471-2164-9-591,Q33390756
0000-0001-6378-6942,nan,10.1186/1757-7241-18-1,Q33663205
0000-0001-6378-6942,nan,10.1016/S0300-9572(03)00026-1,Q35126857
0000-0003-1052-0942,nan,10.1155/2010/695025,Q58653274
0000-0002-8656-7942,nan,10.1088/1475-7516/2007/04/010,Q56656809
0000-0002-8656-7942,nan,10.1088/1475-7516/2014/12/054,Q58022416
0000-0002-8656-7942,nan,10.1088/1475-7516/2015/10/014,Q58022363
0000-0002-8656-7942,nan,10.1088/1475-7516/2009/02/008,Q27014707
0000-0002-8656-7942,nan,10.1063/1.2348065,Q58022616
0000-0002-8656-7942,nan,10.1088/1742-6596/173/1/012018,Q58022540
0000-0002-8656-7942,nan,10.1088/1475-7516/2013/11/054,Q58022438
0000-0002-8656-7942,nan,10.1088/1475-7516/2014/10/052,Q58022410
0000-0002-8656-7942,nan,10.1063/1.3232173,Q58022525
0000-0002-8656-7942,nan,10.1017/S1743921317001089,Q58022346
0000-0002-8656-7942,nan,10.1142/S0217751X04019548,Q58022652
0000-0002-8656-7942,nan,10.1007/JHEP07(2016)095,Q58022343
0000-0002-8656-7942,nan,10.1088/1475-7516/2009/12/002,Q58022549
0000-0002-8656-7942,nan,10.1109/NSSMIC.2010.5873777,Q58022523
0000-0002-8656-7942,nan,10.1088/1475-7516/2015/12/041,Q58022358
0000-0002-8656-7942,nan,10.1063/1.2125659,Q58022640
0000-0002-8656-7942,nan,10.1086/526493,Q58022559
0000-0002-8656-7942,nan,10.1088/1475-7516/2017/03/043,Q58022327
0000-0002-8656-7942,nan,10.1088/1742-6596/110/6/062023,Q58022581
0000-0002-8656-7942,nan,10.1086/526450,Q58022567
0000-0002-8656-7942,nan,10.1088/1475-7516/2009/01/025,Q58022546
0000-0002-8656-7942,nan,10.1088/1126-6708/2009/10/020,Q58022529
0000-0002-8656-7942,nan,10.1088/1475-7516/2015/09/023,Q58022352
0000-0002-8656-7942,nan,10.1051/0004-6361/201526877,Q58022376
0000-0002-8656-7942,nan,10.1088/1742-6596/375/1/012029,Q58022504
0000-0002-8656-7942,nan,10.1088/1475-7516/2007/04/013,Q58022604
0000-0002-8656-7942,nan,10.1088/1367-2630/11/10/105010,Q58022533
0000-0002-8656-7942,nan,10.1088/1475-7516/2007/02/007,Q58022605
0000-0002-8656-7942,nan,10.1063/1.2733037,Q58022585
0000-0002-8656-7942,nan,10.1088/0004-637X/702/2/825,Q58022524
0000-0002-8656-7942,nan,10.1088/1475-7516/2006/01/009,Q58022630
0000-0002-8656-7942,nan,10.1088/1475-7516/2004/12/010,Q58022650
0000-0002-8656-7942,nan,10.1051/0004-6361/201526344,Q58022392
0000-0002-8656-7942,nan,10.1088/1475-7516/2013/11/035,Q58022442
0000-0002-8656-7942,nan,10.1088/1475-7516/2016/08/036,Q58022340
0000-0002-8656-7942,nan,10.1088/1475-7516/2006/05/012,Q58022608
0000-0002-8656-7942,nan,10.1088/1475-7516/2007/06/013,Q58022583
0000-0002-8656-7942,nan,10.1088/1475-7516/2014/12/028,Q58022434
0000-0002-8656-7942,nan,10.1088/0031-8949/2006/T127/032,Q58022623
0000-0002-8656-7942,nan,10.1088/1475-7516/2015/02/023,Q58022373
0000-0002-8656-7942,nan,10.1088/0004-637X/786/2/129,Q58022394
0000-0002-8656-7942,nan,10.1051/0004-6361/201629903,Q58022333
0000-0002-8656-7942,nan,10.1088/1742-6596/39/1/024,Q58022612
0000-0002-8656-7942,nan,10.1063/1.2409111,Q58022622
0000-0002-8656-7942,nan,10.1007/978-3-540-73518-2_7,Q58022578
0000-0001-7914-7942,nan,10.23885/181433262018142-171176,Q60781627
0000-0001-5132-0942,nan,10.1039/C8CP03952F,Q91353028
0000-0001-5132-0942,nan,10.1039/C9CP02927C,Q92954060
0000-0001-5132-0942,nan,10.1063/1.4929495,Q59188607
0000-0001-5132-0942,nan,10.1117/12.2253104,Q62106005
0000-0001-5132-0942,nan,10.1117/12.2294987,Q59188550
0000-0002-6508-8942,nan,10.1101/249003,Q56269848
0000-0002-6508-8942,10499580,10.1038/45738,Q41692380
0000-0002-6508-8942,15203940,10.1080/03008200490278142,Q40544025
0000-0001-7719-2942,nan,10.1209/0295-5075/116/50004,Q62382502
0000-0001-7719-2942,nan,10.1107/S0108767310042431,Q51622646
0000-0001-7719-2942,nan,10.1107/S0108767304010700,Q80243116
0000-0001-7719-2942,nan,10.1107/S0108767304025358,Q81425911
0000-0001-7719-2942,nan,10.1109/TNB.2018.2870331,Q57744988
0000-0001-7719-2942,nan,10.1107/S0108767302005202,Q74381599
0000-0003-4433-3942,nan,10.1590/1981-81222014000300012,Q59194714
0000-0003-4433-3942,nan,10.1111/1556-4029.13850,Q89431482
0000-0003-4433-3942,nan,10.1111/1556-4029.12910,Q41498052
0000-0003-4433-3942,nan,10.1007/978-3-319-57466-0,Q59445525
0000-0003-4433-3942,nan,10.1080/0043824042000303665,Q57667729
0000-0003-4433-3942,nan,10.3378/027.082.0305,Q33637748
0000-0003-4433-3942,nan,10.1080/0043824042000303665,Q57667729
0000-0002-5103-0942,nan,10.1056/NEJM198203043060916,Q70275995
0000-0002-5103-0942,nan,10.1016/0091-6749(80)90181-5,Q71491857
0000-0002-5103-0942,nan,10.1016/S0002-9440(10)63744-3,Q35098041
0000-0002-5103-0942,nan,10.1007/BF02592363,Q45868303
0000-0002-5103-0942,nan,10.1056/NEJM198008283030918,Q71248286
0000-0002-5103-0942,nan,10.1177/1076029607308860,Q33155850
0000-0002-5103-0942,nan,10.1080/13607863.2011.609534,Q53322879
0000-0002-5103-0942,nan,10.1016/S0041-1345(00)02277-6,Q40818565
0000-0002-5103-0942,nan,10.1016/S0197-4580(02)00003-9,Q53352517
0000-0002-5103-0942,nan,10.1097/00000441-198207000-00001,Q70388758
0000-0002-5103-0942,nan,10.1016/0091-6749(91)90120-D,Q44694418
0000-0002-5103-0942,nan,10.1016/S0047-6374(01)00311-6,Q48762237
0000-0002-5103-0942,nan,10.1080/13607860903586128,Q47432931
0000-0002-5103-0942,nan,10.1523/JNEUROSCI.0550-04.2004,Q44872469
0000-0002-5103-0942,nan,10.1016/S0016-5107(95)70126-5,Q58418573
0000-0002-5103-0942,nan,10.1016/S0002-9343(99)00123-0,Q77910337
0000-0002-5103-0942,nan,10.4061/2011/484021,Q42738860
0000-0002-5103-0942,nan,10.1016/S0197-4580(00)00174-3,Q49058556
0000-0002-5103-0942,nan,10.1159/000333799,Q48702462
0000-0002-5103-0942,nan,10.1016/S0171-2985(98)80041-7,Q44018770
0000-0002-5103-0942,nan,10.1016/S0161-5890(03)00107-X,Q35197943
0000-0002-5103-0942,nan,10.1016/0091-6749(83)90034-9,Q71831123
0000-0002-5103-0942,nan,10.1177/1533317511429323,Q82882308
0000-0002-5103-0942,nan,10.3233/JAD-2010-090814,Q43088167
0000-0002-3598-9942,nan,10.3109/10903127.2012.722175,Q51302605
0000-0002-3598-9942,24669962,10.3109/10903127.2014.891064,Q38199527
0000-0002-3598-9942,nan,10.3109/10903127.2012.722175,Q51302605
0000-0002-3598-9942,nan,10.3109/10903127.2014.891064,Q38199527
0000-0003-4203-9942,nan,10.1080/09548980902984833,Q51815810
0000-0002-2042-9942,nan,10.1039/C7CC01298E,Q87880175
0000-0002-0494-7942,nan,10.1016/S0045-6535(02)00143-1,Q44085870
0000-0002-0494-7942,nan,10.2174/1566523218666180105122626,Q47230461
0000-0002-0494-7942,29303078,10.2174/1566523218666180105122626,Q47230461
0000-0002-0494-7942,nan,10.23736/S0026-4970.19.04223-7,Q92260890
0000-0002-9322-2942,nan,10.1039/C4CP02902J,Q56804138
0000-0002-9322-2942,nan,10.1039/C4CP03708A,Q85770719
0000-0002-9322-2942,nan,10.1002/AENM.201602251,Q61313910
0000-0002-9322-2942,nan,10.1103/PHYSREVE.87.012904,Q44810074
0000-0002-9322-2942,nan,10.1038/NCOMMS12165,Q37085482
0000-0002-9322-2942,nan,10.1021/ACS.CHEMMATER.7B00965,Q61313409
0000-0002-9322-2942,nan,10.1103/PHYSREVE.83.037101,Q40327061
0000-0002-3021-3942,nan,10.1016/S0021-9797(03)00446-6,Q44857756
0000-0002-3021-3942,nan,10.1139/S04-025,Q60291057
0000-0002-3021-3942,nan,10.1080/10643389.2017.1382282,Q57427865
0000-0002-3021-3942,nan,10.1364/AO.45.001844,Q51238126
0000-0002-3021-3942,nan,10.1080/10643389.2017.1382282,Q57427865
0000-0002-3021-3942,nan,10.3791/58963,Q91662048
0000-0003-2051-8942,nan,10.1155/2017/1946394,Q59146364
0000-0003-4880-1942,nan,10.1142/S0218863503001602,Q59503485
0000-0003-4880-1942,nan,10.1364/AO.54.003303,Q87295406
0000-0003-4880-1942,nan,10.1364/OE.16.006625,Q33342494
0000-0003-4880-1942,nan,10.1364/OL.35.001822,Q84340471
0000-0003-4880-1942,nan,10.1364/OE.16.016343,Q82286644
0000-0003-4880-1942,nan,10.1364/AO.45.003929,Q39757994
0000-0003-4880-1942,nan,10.1364/OL.37.000311,Q83380249
0000-0003-4880-1942,nan,10.1364/OE.18.006008,Q56892640
0000-0003-4880-1942,nan,10.1063/1.4863837,Q59503369
0000-0003-4880-1942,nan,10.1364/OE.15.005872,Q45966575
0000-0003-4880-1942,nan,10.1117/12.742910,Q59503454
0000-0003-4880-1942,nan,10.1364/OE.21.007505,Q44216328
0000-0003-4880-1942,nan,10.1364/OL.37.004958,Q40077988
0000-0003-4880-1942,nan,10.1080/15421400802430521,Q59503449
0000-0003-4880-1942,nan,10.1063/1.1431399,Q59503489
0000-0003-4880-1942,nan,10.1366/000370208784344497,Q47688435
0000-0003-0628-1942,nan,10.1177/0145561319872728,Q90385754
0000-0002-7151-7942,nan,10.1007/S11615-010-0001-4,Q57711871
0000-0002-7151-7942,nan,10.1177/1354068810389645,Q57711868
0000-0002-7151-7942,nan,10.1007/S11127-016-0327-6,Q57405907
0000-0002-7151-7942,nan,10.1177/1354068810389645,Q57711868
0000-0002-7151-7942,nan,10.1017/S1743923X1400021X,Q57711861
0000-0001-7773-1942,nan,10.1177/0883073809356710,Q43181570
0000-0001-7773-1942,nan,10.1097/WNF.0000000000000200,Q38910880
0000-0001-7773-1942,nan,10.1212/WNL.0000000000001805,Q35945762
0000-0001-7773-1942,nan,10.1172/JCI94999,Q47658294
0000-0002-0303-9942,12450643,10.1016/S0165-0327(01)00470-0,Q46776947
0000-0002-0303-9942,25850428,10.1177/0004867415579920,Q41104832
0000-0002-0303-9942,24803219,10.3109/09638237.2014.910647,Q50645078
0000-0002-0303-9942,nan,10.1080/13651501.2017.1401640,Q47436974
0000-0002-0303-9942,21575216,10.1186/1471-244X-11-85,Q33901511
0000-0002-0303-9942,16400906,10.1177/0020764005057386,Q51922510
0000-0002-0303-9942,23089160,10.1017/S2045796012000534,Q47948197
0000-0002-0303-9942,23844779,10.1186/1472-6963-13-270,Q37009497
0000-0002-0303-9942,nan,10.1017/S0033291719002411,Q90146405
0000-0002-0303-9942,26303559,10.1016/S2215-0366(15)00055-3,Q30989506
0000-0002-0303-9942,26204327,10.3109/09638237.2015.1057324,Q40703795
0000-0002-0303-9942,30181867,10.1177/2045125318769235,Q61822035
0000-0002-0303-9942,25800970,10.1017/S0033291715000318,Q38388082
0000-0002-0303-9942,24074230,10.1017/S0033291713002407,Q38145505
0000-0002-1397-4942,nan,10.1155/2014/353614,Q37717823
0000-0002-1397-4942,nan,10.1161/CIRCHEARTFAILURE.114.001300,Q35225793
0000-0002-1397-4942,nan,10.1097/MAJ.0000000000000512,Q35812293
0000-0002-1397-4942,nan,10.1161/ATVBAHA.114.303629,Q34487849
0000-0002-1397-4942,nan,10.1161/CIRCIMAGING.111.963967,Q83620051
0000-0002-1397-4942,nan,10.1161/ATVBAHA.110.205377,Q33961757
0000-0002-1397-4942,nan,10.1161/ATVBAHA.108.182279,Q37238436
0000-0002-1397-4942,nan,10.2215/CJN.12281211,Q37427000
0000-0002-1397-4942,nan,10.1161/ATVBAHA.114.303821,Q34270071
0000-0002-1397-4942,nan,10.1161/CIRCULATIONAHA.111.078436,Q36936495
0000-0001-6829-6942,nan,10.5787/30-2-171,Q58762055
0000-0001-6829-6942,nan,10.2307/3093111,Q58762102
0000-0001-6829-6942,nan,10.1080/03086530903157607,Q58504195
0000-0001-6829-6942,nan,10.2307/1514852,Q58762094
0000-0001-6829-6942,nan,10.1080/02582473.2010.519943,Q58762067
0000-0001-6829-6942,nan,10.1057/9780230290525_8,Q58762070
0000-0001-6829-6942,nan,10.1080/02582473.2011.569368,Q58762064
0000-0001-6829-6942,nan,10.1057/9780230393295,Q58762059
0000-0001-6829-6942,nan,10.2307/2677469,Q58762107
0000-0001-6829-6942,nan,10.1177/0968344516666421,Q58762039
0000-0001-6829-6942,nan,10.2307/1514845,Q58762098
0000-0002-7746-8942,nan,10.1007/82_2017_47,Q47757958
0000-0002-7746-8942,nan,10.1155/2015/491641,Q43239293
0000-0002-7746-8942,12626445,10.1128/CDLI.10.2.216-220.2003,Q39736385
0000-0003-1636-7942,nan,10.1172/JCI42358,Q33968131
0000-0003-1636-7942,nan,10.1016/S0925-4773(00)00405-6,Q73061364
0000-0003-1636-7942,nan,10.1038/33435,Q52188586
0000-0003-1636-7942,nan,10.1023/A:1018444830518,Q73072600
0000-0003-1636-7942,nan,10.1007/BF01976504,Q52211244
0000-0003-3617-3942,nan,10.1080/02640414.2010.548822,Q83578297
0000-0003-3617-3942,nan,10.1155/2014/239708,Q33805322
0000-0003-3617-3942,nan,10.1080/02640414.2010.548822,Q83578297
0000-0003-2562-6942,nan,10.1080/09273948.2018.1510529,Q91181285
0000-0001-6389-0942,11767949,10.1515/BC.2001.194,Q43840170
0000-0001-6389-0942,nan,10.1515/BC.2001.194,Q43840170
0000-0001-6389-0942,nan,10.2174/0929867043455936,Q35668108
0000-0001-6389-0942,nan,10.1016/S0076-6879(06)13001-3,Q54453542
0000-0001-6389-0942,nan,10.1016/S0022-2836(02)01088-4,Q44235328
0000-0001-6389-0942,12460583,10.1016/S0022-2836(02)01088-4,Q44235328
0000-0001-6389-0942,17046388,10.1016/S0076-6879(06)13001-3,Q54453542
0000-0001-6389-0942,14965229,10.2174/0929867043455936,Q35668108
0000-0001-5869-6942,nan,10.1155/2012/971581,Q34408367
0000-0002-1545-1942,nan,10.1364/AO.46.000357,Q31093385
0000-0002-1545-1942,nan,10.1364/AO.46.000357,Q31093385
0000-0001-7146-0942,nan,10.1007/12_2017_1,Q58338133
0000-0003-3823-2942,nan,10.1063/1.4742152,Q51332561
0000-0003-3823-2942,nan,10.1063/1.3488102,Q42857424
0000-0003-3823-2942,nan,10.1088/0953-8984/19/42/425234,Q62681044
0000-0003-3823-2942,nan,10.1039/C5RA11459D,Q59730488
0000-0003-3823-2942,nan,10.1088/0953-8984/21/38/385405,Q84741270
0000-0003-3891-0942,26881711,10.2174/1568026616666160216154946,Q38735521
0000-0003-3891-0942,22911110,10.1158/1940-6207.CAPR-12-0294,Q36213589
0000-0003-3891-0942,23682075,10.1158/1940-6207.CAPR-13-0083,Q36999615
0000-0003-3891-0942,21502553,10.1200/JCO.2010.32.4467,Q35023503
0000-0003-3891-0942,21372031,10.1158/1940-6207.CAPR-09-0014,Q30498812
0000-0003-3891-0942,10763008,10.1177/107327489700400201,Q33890620
0000-0003-3891-0942,27658890,10.1158/1940-6207.CAPR-15-0254,Q37470702
0000-0003-3891-0942,24755313,10.1158/1940-6207.CAPR-13-0438,Q34389438
0000-0003-3891-0942,21464034,10.1158/1940-6207.CAPR-11-0018,Q36786526
0000-0003-3891-0942,25189481,10.1158/1078-0432.CCR-14-0968,Q33417499
0000-0003-3891-0942,29252124,10.1200/JCO.2017.76.6915,Q49679908
0000-0003-3891-0942,26744449,10.1158/1940-6207.CAPR-15-0406,Q37114360
0000-0003-3891-0942,21163939,10.1158/1940-6207.CAPR-10-0182,Q34472750
0000-0003-3891-0942,15322315,10.1155/2004/295712,Q35867890
0000-0003-3891-0942,21158704,10.2174/138945011798184173,Q37821012
0000-0003-3891-0942,21372034,10.1158/1940-6207.CAPR-10-0313,Q34701702
0000-0003-3891-0942,25604134,10.1158/1940-6207.CAPR-14-0148,Q35163569
0000-0003-3891-0942,25667274,10.1200/JCO.2014.58.2007,Q35168763
0000-0003-3891-0942,21733822,10.1158/1940-6207.CAPR-11-0078,Q35156358
0000-0003-3891-0942,25592632,10.1016/S1470-2045(14)71181-7,Q35462240
0000-0003-3891-0942,26429991,10.1158/1078-0432.CCR-15-1846,Q37210896
0000-0003-3891-0942,23531447,10.1158/1940-6207.CAPR-12-0322,Q37270040
0000-0003-3891-0942,22371451,10.1158/1078-0432.CCR-11-2425,Q33161027
0000-0003-3891-0942,24985407,10.1158/1940-6207.CAPR-13-0424,Q34135248
0000-0003-3891-0942,24439931,10.1016/S1470-2045(13)70596-5,Q37638139
0000-0003-3891-0942,23382114,10.1158/1078-0432.CCR-12-2929,Q36698218
0000-0003-3891-0942,20103726,10.1158/1940-6207.CAPR-09-0268,Q33639871
0000-0003-3891-0942,21636542,10.1158/1940-6207.CAPR-11-0214,Q35033296
0000-0003-3891-0942,20504363,10.1186/1758-3284-2-12,Q33931069
